,S_mean_std,A_mean_std,count,L2_norm
0,1.353536514836222e-05,0.016062111197866016,100,160.2769537555946
1,5.110592504251721e-05,0.040807129995138115,100,192.12822465075277
2,2.5733465600288833e-06,0.0027588514753734148,100,319.5466488802357
3,4.9991082829757284e-05,0.05061652356225033,100,167.08803440642714
4,9.001057051264286e-06,0.008942801212171699,100,349.0427644918313
