,S_mean_std,A_mean_std,count,L2_norm
0,0.0016811332982667713,1.4051185323581443,100,250.72460591991975
1,0.0004341136793033479,0.5429869696258275,100,183.1790443743319
2,0.0012184555301092595,1.4267057570777526,100,402.1150138643148
3,7.313979372286974e-06,0.008678335453816306,89,200.96751180551075
4,0.0005535904474871972,0.6730483779914558,100,383.5215211759664
