,S_mean_std,A_mean_std,count,L2_norm
0,6.1521743857222e-05,0.08959602616881374,100,247.49434350033835
1,7.615466339750132e-05,0.1153778842917969,100,154.34843541125025
2,4.9648937727099505e-05,0.061579743502220056,100,297.2808548856717
3,7.093381025275163e-06,0.01004325710703144,100,390.163002181315
4,5.045637242418701e-05,0.07851280760130705,100,272.77613092566577
