,S_mean_std,A_mean_std,count,L2_norm
0,0.0016822143502515593,1.0236884126135257,100,107.73862544550764
1,0.004062692919350849,3.2206789446159703,78,134.6691927228867
2,0.0039443914286481745,3.829041923554488,88,93.55435817933419
3,0.0016450591323090018,0.955734154515747,96,56.04587667158345
4,0.000661699876398527,0.6278861464595077,100,93.77943899691081
5,0.0015376556880238076,1.0810037149407177,100,342.142173434787
6,0.0010158365983305,0.7083609507498448,100,107.37081577036835
7,0.0006511087890652837,0.4196990905908353,100,103.2949526283988
8,0.0006935342016861895,0.6362612018249152,100,82.78962827681941
9,0.0008721466841400894,0.7422092991022016,100,107.70780453280821
10,0.0018537219807818345,1.4894149941641537,100,192.65042662732134
11,0.00433623304168023,3.2437776284196205,100,104.53133857666302
12,0.0009798086972906345,1.0289470756085168,100,199.26439877155397
13,0.0025851000219425766,1.7007954046131644,89,80.29299939280801
14,0.005103853814083092,4.216724778279295,93,86.20176379902507
15,0.0012498222042440015,1.2359210890459091,100,85.96273129811291
16,0.0010835532403603348,0.7875923994122637,100,88.08938078399665
17,0.0008772717064000059,0.77786831990823,100,120.76211104871065
18,0.0014018000141260373,1.295644915836846,100,231.76040654573137
19,0.0019677152165262324,1.1522334740554119,100,83.5709826176607
20,0.0035535785976685604,3.175643282143007,63,60.82476215678621
21,0.004859748533425604,5.339487335386412,100,60.02606375732744
22,0.004151568107916885,3.2788296058576987,62,99.5353021748218
23,0.00414606321996394,2.4708185225074106,71,138.02018103545535
